"title","clean_date","sentiment","topic_inflation","topic_taxes","topic_stocks","topic_jobs","topic_housing","topic_energy","topic_crypto"
"Trump drops receipts on US savings since Biden's Oval Office exit","2025-12-17","1","1","1","0","1","1","1","0"
"Trump touts bringing country back from 'brink of ruin'","2025-12-17","1","1","1","0","1","0","0","0"
"Trump set to address the nation in primetime White House speech as Americans report economic squeeze","2025-12-17","1","1","1","1","1","1","1","0"
"Fox News Poll: As prices pinch, voters see Trump focused elsewhere","2025-12-17","0","1","1","0","1","1","1","0"
"Washington Post blasts rent control as 'failed policy' that leaves renters 'worse off' than before","2025-12-17","0","1","1","1","0","1","1","0"
"How Trump can turn the tables on the left with a radical tax plan","2025-12-16","0","1","1","0","1","1","1","0"
"Key Trump agency unleashes strike force to slash Biden-era regulations crushing working families","2025-12-14","1","1","1","0","0","1","1","0"
"California is broke, but it’s not too late for the rest of us","2025-12-15","0","0","1","0","0","0","0","0"
"Gen Z is struggling to survive — and Republicans can't afford to look away","2025-12-15","0","1","1","0","1","1","1","0"
"Gas prices are falling — so why isn’t Trump refilling the oil reserve faster? WH blames Biden-era ‘damage’","2025-12-12","0","1","1","0","1","1","1","0"
"Trump asks when he'll be credited with creating 'perhaps the Greatest Economy' ever in US history","2025-12-12","1","1","1","1","1","1","1","0"
"Leavitt accuses CNN reporter of trying to 'push narratives' during heated White House exchange","2025-12-11","1","1","1","0","0","1","0","0"
"Cotton moves to loosen rules to boost supply of household staple, ease affordability crunch","2025-12-10","1","1","1","0","0","0","1","0"
"Trump compares real wages under his admin versus Biden's during speech calling out Dem affordability 'hoax'","2025-12-09","0","1","1","1","1","1","1","0"
"Trump's approval climbs as Republicans rally behind president's affordability agenda: poll","2025-12-09","1","1","1","0","1","1","1","0"
"HUD chief blames 'unchecked illegal immigration' pricing-out families amid new housing report","2025-12-09","0","1","1","0","0","1","1","0"
"Trump insists prices are ‘coming down,’ blames Biden — but voters say they’re still getting squeezed","2025-12-09","0","1","1","0","1","1","1","0"
"Top Mamdani appointee faces heat amid promise to make NYC more affordable: 'Embodiment of inflation'","2025-12-08","0","1","1","0","1","1","0","0"
"Trump team scrambles to fix sputtering economic pitch as Dems lean in to 'affordability' attacks","2025-12-08","0","1","1","1","1","1","1","0"
"In Texas cattle country, one rancher welcomes Trump’s focus on decades of thin margins","2025-12-07","1","1","1","0","1","1","1","0"
"Vance acknowledges voters 'impatient' on affordability, rejects 'totally bulls--- narrative'","2025-12-05","0","1","0","0","0","1","0","0"
"Largest public-sector unions spent eye-popping amount on left-wing politics — 86% funded by member dues","2025-12-04","0","0","1","0","1","0","0","0"
"Blue-city riders hit with priciest Uber fares as LA, NYC costs soar past comparable metros, data shows","2025-12-04","0","1","0","0","1","0","0","0"
"Dell founder says $6.25B 'Trump Accounts' donation is 'smartest investment’ in children’s futures","2025-12-04","1","0","0","0","0","0","0","0"
"Miami mayoral candidate reveals how he will flip script on Dem rival's 'city of renters' strategy","2025-12-03","0","1","1","0","1","1","0","0"
"Trump admin's energy agenda hailed for crucial 'wins' as green activists lash out","2025-12-03","1","1","1","0","1","1","1","0"
"Boston suburb triples cash payments in expanded guaranteed income program","2025-12-03","1","0","1","0","0","1","0","0"
"Vance, Trump unleash on Democrats' affordability 'scam': 'Fixing what [they've] broken'","2025-12-02","1","1","0","0","0","1","1","0"
"Trump torches Dems' 'fake affordability' pitch – but GOP panic in deep red state hints voters aren't buying it","2025-12-02","0","1","1","0","1","1","1","0"
"Construction labor crunch drives up costs and deepens America’s housing affordability crisis","2025-12-02","0","1","1","0","1","1","0","0"
"SEN RICK SCOTT: I grew up in public housing and I know how to fix Obamacare","2025-12-01","0","1","1","0","0","1","0","0"
"A solution to the housing affordability problem: Marriage","2025-12-01","0","0","1","0","0","1","0","0"
"Top 5 game-changers from the 2025 campaign trail","2025-11-30","0","0","1","0","0","1","1","0"
"Carville tells Dems they can win with affordability agenda if they ‘quit f---ing around’ with ‘cultural stuff’","2025-11-29","0","1","0","0","1","1","0","0"
"Trump is making life affordable again for every American, and here's how","2025-11-28","1","1","1","1","1","0","0","0"
"Cook County in Illinois establishes permanent guaranteed income program","2025-11-27","0","1","1","0","1","1","0","0"
"BROOKE ROLLINS: Your Thanksgiving dinner costs less and that’s a reason to give thanks","2025-11-27","1","1","1","0","0","1","1","0"
"Weakening incomes add new strain to households already hit by high prices","2025-11-26","0","1","1","0","1","1","0","0"
"This Black Friday, don’t let ‘Swipeflation’ swipe $1,400 of your holiday cash","2025-11-26","0","1","1","0","1","1","0","0"
"US needs to break China’s supply chain chokehold to win the tech race","2025-11-26","0","0","1","0","1","0","0","0"
"Mamdani economic advisor is reparations activist who says 'devaluation of Black lives' ingrained in US system","2025-11-25","0","0","1","0","1","0","0","0"
"As the holidays approach, Thanksgiving becomes Trump's economic test","2025-11-25","0","1","1","0","1","1","1","0"
"America’s smallest cattle herd in 70 years means rebuilding will take years and beef prices could stay high","2025-11-24","0","1","0","1","1","0","1","0"
"Trump says those against tariffs 'serving hostile foreign interests,' 'full benefit' yet to be seen","2025-11-24","0","1","0","0","0","0","1","0"
"SEN TOM COTTON: America's farmers are going bankrupt and we need to help them before it's too late","2025-11-24","0","1","1","0","0","1","0","0"
"Trump trade official says $2K tariff payments won't fuel inflation as revenues climb","2025-11-23","1","1","1","0","0","0","1","0"
"Carville gives dire warning for future presidents to embrace populism or ‘this thing could break’","2025-11-21","0","0","0","0","1","0","0","0"
"Federal probe demands Chicago Teachers Union explain missing financial audits since 2020","2025-11-21","0","0","1","0","1","1","1","0"
"Trump flips Dems' 'affordability' script, turning buzzword into MAGA material as Mamdani visit looms","2025-11-21","0","1","1","0","1","1","1","0"
"Republicans get serious on housing crisis with high-profile conservative influencer leading the charge","2025-11-21","0","0","1","0","1","1","0","0"
"We're on opposite sides of the aisle. But we know America must win the AI race, or else","2025-11-21","1","1","1","1","1","1","1","0"
"Survey says: Issue that helped Trump and Republicans in 2024 hurts them now","2025-11-20","0","1","1","0","1","1","1","0"
"Fox News Poll: Voters say White House is doing more harm than good on economy","2025-11-19","0","1","1","0","1","1","1","0"
"Bipartisan plan aims to make the American Dream affordable again for millions of first-time homebuyers","2025-11-19","1","1","1","0","0","1","0","0"
"Biden’s green energy fiasco, not Trump's reforms, is jacking up your electric bill","2025-11-19","0","1","1","0","0","0","1","0"
"Potential GOP challenger warns Hochul that a corporate tax hike would be a 'disaster' for New York's economy","2025-11-18","0","1","1","0","1","1","0","0"
"Trump says tariff-funded dividend payments for Americans will begin next year","2025-11-17","1","0","1","0","0","0","0","0"
"Democrats are losing AI because of a big messaging problem","2025-11-17","0","0","1","0","1","0","1","0"
"Why Gen Z is suddenly skipping the $15 burrito bowl","2025-11-14","0","1","1","0","1","1","1","0"
"Justice Department withdraws SNAP appeal from Supreme Court as funding resumes","2025-11-13","1","0","1","0","1","1","0","0"
"Big Paychecks, Bigger Problems: How a bloated bureaucracy exposes Congress’ funding failure","2025-11-12","0","0","1","0","1","1","0","0"
"Trump’s 50-year mortgage just introduces a new kind of debt","2025-11-12","0","1","1","0","1","1","0","0"
"Trump's signature tariffs hang on key question about Congress' power before Supreme Court","2025-11-12","0","0","1","0","0","1","0","0"
"Trump grows frustrated with GOP for not touting his ‘greatest economy in history’","2025-11-11","1","1","1","0","0","0","1","0"
"As shutdown ends, furious Democrats eat their own","2025-11-11","0","1","1","0","1","1","0","0"
"Are American workers being replaced? Inside the H-1B visa controversy","2025-11-10","0","1","1","0","1","1","1","0"
"It’s not just the economy — this is how Democrats beat the GOP across the country","2025-11-10","0","1","1","1","0","1","1","0"
"Trump’s own SCOTUS picks could wind up hurting him on tariffs","2025-11-08","0","0","1","0","0","1","0","0"
"WATCH: Dem lawmakers attempt to explain why stock market is booming despite Trump tariffs","2025-11-08","0","1","1","1","0","0","0","0"
"Trump admin reveals over 100 investigations into H-1B abuses as it pledges 'every resource' to protect US jobs","2025-11-07","0","0","1","0","1","1","0","0"
"JONATHAN TURLEY: Supreme Court ruling on Trump tariffs comes down to a numbers game","2025-11-06","0","0","1","0","0","1","0","0"
"Election reflection: 'Democrats flipped the script' on affordability in ballot box showdowns","2025-11-06","1","1","1","0","0","0","1","0"
"Vivek Ramaswamy reveals main lesson learned by GOP after Democrats' big wins on Election Day","2025-11-05","1","1","0","0","1","1","0","0"
"Barrett and Sotomayor tag-team interrogation of Trump lawyer on tariff powers","2025-11-05","0","0","1","1","0","0","0","0"
"Supreme Court weighs Trump tariff powers in blockbuster case","2025-11-05","0","0","1","0","0","1","0","0"
"America's pizza boom goes cold as delivery apps take bigger slice of the pie","2025-11-03","0","1","1","0","0","1","0","0"
"‘It’s scary’: SNAP recipients brace for fallout as benefits vanish during shutdown","2025-11-01","0","1","1","0","0","0","0","0"
"Hassett says Democrats have 'no plan' as SNAP benefits for 42M Americans hang in balance during shutdown","2025-10-31","0","0","1","0","0","0","0","0"
"Supreme Court prepares to confront monumental case over Trump executive power and tariff authority","2025-10-31","0","1","1","0","1","1","0","0"
"Ohio mom uses social media, side hustles to make ends meet during government shutdown: ‘No days off’","2025-10-30","1","1","0","0","1","1","1","0"
"Former Biden and Bush press officials join forces to back Democrat in key governor’s race","2025-10-29","1","1","1","0","1","1","1","0"
"Beijing is quietly dictating the trade war’s next moves as Trump and Xi prepare to meet","2025-10-29","0","0","1","0","0","0","0","0"
"Here's what Donald Trump and Joe Biden have in common on energy policy","2025-10-29","0","1","1","0","1","0","1","0"
"Trump visits South Korea as he attempts to secure billions in investment","2025-10-29","1","0","1","0","0","0","1","0"
"I’m Abigail Spanberger. This is why I want Virginia’s vote for governor","2025-10-28","1","1","1","0","1","1","1","0"
"America's secret weapon to crush China in the global AI race","2025-10-27","1","0","0","0","1","1","1","0"
"White House says government shutdown could eliminate next inflation report despite optimistic numbers","2025-10-24","1","1","1","1","1","1","1","0"
"Mamdani laughs off criticism that his tax hike proposals will compel New Yorkers to flee","2025-10-24","0","0","1","0","1","0","0","0"
"America’s allies are finally paying their fair share for defense. Now they must pay their bills","2025-10-24","1","0","1","0","1","1","1","0"
"'Gone to Florida and Texas': New billboards slam NY, NJ over massive resident flight to red states","2025-10-23","0","0","1","1","0","0","0","0"
"Grocery bills in America: Here are the most and least expensive cities","2025-10-23","0","1","0","0","1","0","1","0"
"'Nobody's spending $17 on an egg sandwich': Restaurant owners say inflation forcing tough menu choices","2025-10-19","0","1","0","0","1","1","1","0"
"Drought conditions leave pumpkin farmers with empty fields and smaller crops","2025-10-18","0","1","1","0","0","0","1","0"
"Farmageddon: Trump’s trade war and shutdown are crushing the heartland","2025-10-17","0","1","1","0","0","0","1","0"
"'60 Minutes' segment compares Trump economy to 1929 stock crash, claims CEOs too 'nervous' to speak out","2025-10-13","0","1","0","1","0","0","0","0"
"Why America needs to tax-incentivize tradesmen, not just college graduates","2025-10-11","1","0","1","0","1","1","1","0"
"IRS workforce slashed in half as government shutdown showdown stretches into second week","2025-10-08","0","1","1","0","1","0","0","0"
"Think tank founder faces scrutiny over China corporate ties despite decoupling advocacy","2025-10-08","0","0","1","0","0","0","1","0"
"Government shutdown 101: We've been here before, here's what happens next","2025-10-08","0","0","1","1","1","0","0","0"
"Housing costs are crushing families – here’s the way out","2025-10-08","0","1","1","0","0","1","0","0"
"Five ways the Trump administration can save the American Dream and prevent socialism","2025-10-06","0","1","1","0","0","1","0","0"
"Laid off? Here's why losing your job might be the best break of your life","2025-10-05","0","0","0","0","1","0","1","0"
"This agency targets individual Americans and small businesses — it must be reformed","2025-10-03","0","1","1","0","1","1","0","0"
"Joy Reid warns that Republicans want 'no income tax' and people to earn 'as much money as they want'","2025-10-01","0","0","1","0","0","0","0","0"
"HUD accuses the 'Radical Left' of driving government shutdown, vows to ‘support our most vulnerable’","2025-09-30","0","0","1","0","0","1","0","0"
"Shutdown fight casts a shadow over jobs as Trump prepares for largest federal resignation in US history","2025-09-30","0","0","1","1","1","0","0","0"
"LIZ PEEK: Trump White House fired up about King Coal’s return to power","2025-09-30","1","1","1","0","0","1","1","0"
"Morning coffee now out of reach? Chains hike prices on America's favorite pick-me-up","2025-09-29","0","1","0","0","1","1","1","0"
"Trump’s H-1B visa reform plan needs to put Americans first","2025-09-29","0","1","1","0","1","1","0","0"
"Why Gen Z doesn't want to have kids","2025-09-28","0","1","1","0","0","1","1","0"
"Trump EPA putting Black Americans back in the driver’s seat","2025-09-26","1","1","0","0","0","0","1","0"
"Trump's UN speech reveals inconvenient truth of massive green energy costs","2025-09-25","0","1","1","0","0","0","1","0"
"Wisconsin unveils historic solar farm with battery storage for round-the-clock power","2025-09-23","1","0","1","0","0","0","1","0"
"China weaponized science against the US. We've figured out a key element they missed","2025-09-22","1","1","1","0","0","0","0","0"
"SEN RICK SCOTT, REP BYRON DONALDS: Trump and Bessent's IRS reform: Let’s end job-killing policies","2025-09-19","1","0","1","0","1","0","0","0"
"Why your parents could afford a house on one salary – but you can’t on two","2025-09-18","0","1","1","0","1","1","0","0"
"Trump's rumored housing emergency would be a 'game-changer,' key GOP lawmaker says","2025-09-10","1","1","1","0","0","1","0","0"
"DEI is the real cause of America’s housing crisis","2025-09-10","0","1","1","1","1","1","0","0"
"US support for capitalism sinks to new low in Gallup poll","2025-09-09","0","0","1","0","0","1","0","0"
"China's Currency Coup: How Beijing is targeting America's wallet and future","2025-09-09","0","1","1","1","1","0","1","0"
"Progressive cities face billions in economic losses as retail crime surges 93% since 2019","2025-09-11","0","0","1","0","1","0","0","0"
"GOP senator drops hammer on companies shipping jobs overseas with crucial bill: 'Those days are over'","2025-09-05","1","0","1","0","1","1","0","0"
"Texas congressman unveils new plan to tackle $37T national debt with tariff windfall revenues","2025-09-05","1","1","1","0","0","1","0","0"
"Help Wanted: US must fill lots of ships-and-chips jobs to beat China","2025-09-03","0","0","0","0","1","0","0","0"
"US tariff take surges to $31B in August, setting new monthly high for 2025","2025-09-02","0","0","1","0","0","1","0","0"
"Treasury Department reveals which jobs could secure a major tax break from Trump's 'big, beautiful bill'","2025-09-02","1","0","1","0","1","0","1","0"
"Trump administration touts low Labor Day gas prices, rising wages for workers","2025-09-01","1","1","1","1","1","1","1","0"
"Trump faces multiple legal setbacks as federal courts question broad presidential powers","2025-09-01","0","0","1","0","0","1","0","0"
"Labor Day celebration: How President Trump is creating a brighter future for American workers","2025-09-01","1","1","1","0","1","1","1","0"
"Labor Day battle cry: Billionaires didn’t build this country – workers did, and they'll take it back","2025-09-01","0","0","1","0","1","1","0","0"
"Trump touts ‘worker-first’ economy on Labor Day, with $10T in new investments","2025-08-30","1","0","1","0","1","1","1","0"
"DOJ calls for tips on employers favoring foreign workers in hiring practices","2025-08-30","0","0","0","0","1","1","0","0"
"Former Obama official freaks out at California Democrat over her record amid housing crisis debate","2025-08-29","0","0","0","0","1","1","1","0"
"Cook’s potential exit hands Trump greater sway over Fed board shaping US monetary policy","2025-08-27","1","0","1","0","0","1","0","0"
"What Fed must do now after Jerome Powell's Jackson Hole epiphany","2025-08-27","1","1","1","1","0","1","1","0"
"Trump’s Intel deal, with more to come, putting government on a roller-coaster ride with business","2025-08-27","0","1","1","1","1","0","0","0"
"'Some authoritarian s---:' Dems rip Trump's unprecedented firing of Fed governor Lisa Cook","2025-08-26","0","0","1","0","0","1","0","0"
"Trump says he holds 'incredible cards' that could 'destroy China' but won't play them yet","2025-08-25","0","0","1","0","0","1","1","0"
"Young tycoon drops truth bomb, arguing work-life balance will keep Gen Z 'mediocre'","2025-08-23","0","1","0","1","0","0","0","0"
"Detroiters largely stand by Biden over Trump when comparing presidencies","2025-08-23","1","0","0","0","0","1","0","0"
"EXCLUSIVE: Marine Corps wife, mom blasts blue state for wrongful levy on savings: ‘Left us with pennies’","2025-08-22","0","0","1","0","0","1","1","0"
"Trump's tariff revenue has skyrocketed in just a few months, soaring past 2024 levels","2025-08-21","1","1","1","0","0","1","0","0"
"Chicago residents call Obama Presidential Center a 'monstrosity,' fear they'll be displaced: report","2025-08-19","0","1","1","0","1","1","0","0"
"Tariff uncertainty threatens $490B in US manufacturing investment, report warns","2025-08-18","0","0","1","0","1","0","1","0"
"Mamdani defends city-run grocery plan, says store owners can be 'partners'","2025-08-14","0","1","1","1","0","1","0","0"
"Trump blasts ‘Too Late’ Powell again, threatens lawsuit over Fed’s $3B HQ renovations","2025-08-12","0","1","0","0","0","0","0","0"
"I had to leave California to save my business. Now there’s hope","2025-08-11","1","0","1","0","0","0","1","0"
"Vegas tipping drops drastically as visitors say service doesn't match higher costs","2025-08-09","0","1","1","1","1","1","1","0"
"Trump caps off 29th week in office with peace deal, celebrating 200th day of second presidency","2025-08-09","1","0","1","0","0","1","1","1"
"The 78 cent opinion: Why stamp prices surge while mail volume plummets","2025-08-08","0","1","1","0","1","1","0","0"
"Rahm Emanuel says Dem struggles not a 'marketing problem,' tells party to fix young men’s economic problems","2025-08-07","0","0","1","0","0","1","0","0"
"Trump White House celebrates latest chapter of wins at 200-day mark","2025-08-07","1","0","1","0","1","0","1","0"
"It’s time for Newsom to pull the brake on California’s $128 billion ghost train","2025-08-07","0","1","1","0","1","1","1","0"
"Sen. Slotkin says Dem Socialist NYC candidate Mamdani represents 'new generation' of leaders young voters want","2025-08-07","0","1","0","0","0","1","0","0"
"Trump breaks 'Day One' promise to lower costs as prices surge across America in first six months","2025-08-06","0","1","1","0","0","0","1","1"
"Trump fires labor official over weak jobs number, orders criminal probes of past opponents","2025-08-05","0","0","1","0","1","1","0","0"
"Charlamagne fires back after Trump's social media attack calls him a 'racist sleazebag'","2025-08-04","0","0","0","0","0","0","0","0"
"CNBC host battles Elizabeth Warren over raising taxes in New York City as senator defends Mamdani","2025-08-04","0","1","1","0","1","1","0","0"
"Trump's global reset of trade relationships will remain in the spotlight this week","2025-08-04","0","1","1","0","1","0","0","0"
"Trump is taking decisive action to bring this critical industry back to American soil","2025-08-04","1","1","1","0","1","0","1","0"
"The Fed’s foolish interest rate policy is stopping America’s economy from booming","2025-08-04","0","1","1","0","1","1","1","0"
"I'm Gen Z and many in my generation lost faith in the American Dream. Prove them wrong","2025-08-03","0","0","1","1","1","1","0","1"
"Buy now, pay later is the worst thing for consumers since payday loans","2025-08-01","0","0","1","0","0","0","1","0"
"Chicago Tribune warns 'Halloween comes early' with Mayor Johnson's plan to 'scare' businesses away","2025-08-01","0","0","1","0","0","0","1","0"
"Federal judges grill Trump lawyers over 'Liberation Day' tariffs on eve of enforcement","2025-07-31","0","0","1","0","0","0","0","0"
"MORNING GLORY: President Trump and the United States’ massive tariff haul in his first six months back","2025-07-31","1","1","1","1","0","0","1","0"
"Sen. Rand Paul favors the prospect of abolishing the Federal Reserve","2025-07-30","0","1","1","0","0","0","0","0"
"SCOOP: Trump's 'big, beautiful bill' tax cuts promoted in new Republican ad blitz","2025-07-30","1","0","1","0","0","0","1","0"
"The untapped potential AI can't replace in underserved communities like mine","2025-07-29","1","0","0","0","1","0","1","0"
"LIZ PEEK: Trump's major trade wins could be rocket fuel to US economy","2025-07-29","1","1","1","0","1","1","1","0"
"CNBC’s Jim Cramer drops F-bomb live on air while marveling over Trump’s ‘great economy’","2025-07-28","1","0","1","0","1","0","1","0"
"Bill Maher admits he was wrong about Trump on tariffs, doesn’t ‘see a country in a depression at all’","2025-07-28","1","0","1","1","1","0","0","0"
"After Scotland, Trump enters crucial trade week and eyes Fed's decision on rate cuts","2025-07-28","1","1","0","0","0","0","1","0"
"High-speed rail isn't California's only expensive boondoggle","2025-07-25","0","0","1","0","0","1","0","0"
"Trump says he wants Elon Musk to 'thrive' after suggesting DOGE could investigate him","2025-07-24","1","0","0","0","0","0","0","0"
"Good economic data is bad news for Trump’s interest rate push","2025-07-24","0","1","1","1","1","1","0","0"
"Teamsters’ boss O’Brien lauds Trump tariffs, says attention should be on ‘massive' CEO compensation","2025-07-23","1","0","1","1","1","1","0","0"
"‘Big, beautiful bill’ tax cuts touted in ad blitz as Senate GOP gears up for midterms","2025-07-23","1","0","1","0","1","0","1","0"
"Mike Rowe reveals which American jobs will remain untouched by the coming AI revolution","2025-07-20","1","0","0","0","1","1","1","0"
"3 reasons California’s green energy campaign is dying on the vine","2025-07-18","0","1","1","0","1","0","1","0"
"'Don't fret' response to massive job losses in Virginia under Trump won't cut it for me","2025-07-18","0","0","1","0","1","1","1","0"
"Trump Interior Department moves to dismantle 'regulatory favoritism' for wind, solar projects","2025-07-17","0","1","1","0","0","1","1","0"
"Trump admin tackles urgent electrical grid crisis as AI set to double demand","2025-07-17","1","0","1","0","1","0","1","0"
"Retailers caught red-handed using Trump's tariffs as cover for price gouging","2025-07-16","1","1","1","0","0","0","0","0"
"New study reveals threats to the Class of 2025. Fixing them should be Job No. 1 for America","2025-07-15","0","0","0","0","1","1","0","0"
"Ongoing trash strike draws pressure from officials as communities struggle with waste build-up","2025-07-14","0","0","0","0","1","1","0","0"
"Price of this summer grilling staple remains at record high as beef lovers adapt","2025-07-14","0","1","0","0","1","0","1","0"
"Vertical tiny homes redefine compact living","2025-07-13","1","0","1","0","0","1","0","0"
"DEI-fueled investing is ‘ideological coercion’ of shareholders, Missouri AG warns amid new probe","2025-07-11","0","0","1","0","0","0","1","0"
"Restaurant surcharge stirs up controversy: 'Business owner should be embarrassed'","2025-07-11","0","1","1","0","1","1","1","0"
"How the CBO got it wrong again: Trump's economic bill set to generate trillions in surplus, not debt","2025-07-11","1","1","1","0","1","0","1","0"
"Tim Walz blasted for costing Minnesota taxpayers $430K in legal prep ahead of Hill hearing","2025-07-10","0","0","1","0","1","0","0","0"
"STEVE MOORE: Trump just scored the biggest conservative victory in three decades","2025-07-10","1","0","1","0","0","1","0","0"
"High school students discover the big secret about consumer financial protection","2025-07-09","0","1","1","1","0","1","0","0"
"Green energy zealots hand America's enemies the ultimate weapon","2025-07-07","0","1","1","0","0","1","1","0"
"Johnson says megabill will be 'jet fuel' for economy; teases 2 future bills within next year","2025-07-06","1","0","1","0","1","1","1","0"
"SCOTT BESSENT: President Trump's 'big, beautiful bill' will unleash parallel prosperity","2025-07-04","1","0","1","1","1","1","1","0"
"Congress delivers one big, beautiful win for the middle class","2025-07-03","1","0","1","0","1","1","1","0"
"High school seniors see red when they learn the size of the national debt","2025-07-03","0","1","1","0","0","1","0","0"
"Trump calls out Republican holdouts as House procedural vote on megabill remains open: ‘Costing you votes!’","2025-07-03","1","0","1","0","0","0","0","0"
"Politicians push job-killing minimum wage hikes while ignoring the devastating economic reality","2025-07-02","1","1","1","0","1","1","0","0"
"McDonald's prices from 1991 ignite discussion among nostalgic millennials: 'It tasted better, too'","2025-06-30","0","1","1","0","0","1","0","0"
"LOEFFLER: Trump’s ‘One Big, Beautiful Bill’ could cement economic legacy for decades","2025-06-30","1","1","1","0","1","0","1","0"
"White House says Congress debating ‘footnotes’ on ‘Big Beautiful Bill,’ not expecting major changes","2025-06-26","1","0","1","0","0","1","0","0"
"DeSantis predicts Florida property values will ‘skyrocket’ if NYC Dem socialist nominee wins","2025-06-25","0","1","1","0","0","1","0","0"
"Fox News Poll: Economic pessimism abates slightly as voters reflect on the economy","2025-06-18","0","1","1","0","0","1","0","0"
"Left's tariff doomsday predictions fall flat as Trump's America thrives","2025-06-16","1","1","1","0","1","1","1","0"
"The Trump Deduction: A simpler path to tax-free tips and overtime","2025-06-13","0","0","1","0","1","1","0","0"
"LEE ZELDIN: Start your rigs: Alaska is our 'Gateway to Energy Dominance'","2025-06-10","1","1","1","0","1","1","1","0"
"MAGA country voters sound alarm over ‘ridiculous’ national debt amid debate over Trump-backed bill","2025-06-10","0","0","1","0","0","1","1","0"
"Why Trump’s $3 billion wake-up call to higher ed is exactly what America needs","2025-06-06","1","0","1","0","1","1","0","0"
"Climate lawfare in blue-state courts could hurt US energy consumers, expert says: 'Huge effect'","2025-06-05","0","0","1","0","0","1","1","0"
"‘Climate cult’ on notice as lawmakers push to let feds hop blue-state roadblocks to ‘US energy dominance'","2025-06-05","1","0","1","0","1","0","1","0"
"The ‘One Big, Beautiful Bill’ urgently needs a makeover to usher in Trump’s Golden Age","2025-06-04","1","0","1","0","1","1","0","0"
"Treasury secretary confronts CBS host over past tariff inflation predictions as rates hit 4-year-low","2025-06-02","1","1","0","1","1","0","0","0"
"US can’t cut China off completely, but must defend AI and American innovation from nonstop theft: Sen Rounds","2025-06-01","0","0","1","0","1","0","1","1"
"Invisible tax: Government debt is crushing your finances","2025-05-30","0","1","1","0","1","1","0","0"
"Rising Michigan Democrat says she was 'going to punch someone' over party's 'annoying' economic gaslighting","2025-05-29","0","1","0","0","1","0","0","0"
"Hawaii enacts 'green fee' on tourists to raise $100 million annually for climate, ecology protection","2025-05-29","0","0","1","0","1","1","1","0"
"Rotten regulations: Even your trash can't escape California's red tape","2025-05-29","0","1","1","0","1","1","0","0"
"MORNING GLORY: Trump emerges as 'closer-in-chief' to push 'one big, beautiful' tax bill through Congress","2025-05-29","1","1","1","0","1","0","0","0"
"Cuomo says he'll raise NYC's minimum wage to $20 an hour if elected mayor","2025-05-28","1","0","1","0","0","1","0","0"
"Trump's tariffs and tax cuts are crushing Main Street and making Mar-a-Lago elites rich","2025-05-28","0","1","1","0","1","0","1","0"
"GORDON CHANG: Is Trump rescuing China's Communists?","2025-05-27","0","0","1","0","0","1","0","0"
"Grading Trump: Where the president stands in the eyes of Americans four months into his second term","2025-05-24","0","1","1","0","1","0","1","0"
"Bipartisan effort launched to onshore manufacturing of key supplies never before 'Made in USA'","2025-05-23","1","0","1","0","1","1","0","0"
"Will gas prices give Trump and Republicans a political boost?","2025-05-23","1","1","1","1","1","1","1","0"
"Trump holds swanky dinner for meme coin investors, says ‘Biden administration persecuted crypto innovators’","2025-05-23","0","0","0","1","0","0","0","1"
"Trump's 2nd-term approval ratings dip despite border security gains","2025-05-22","0","1","1","0","1","0","1","0"
"My family tried living European-style austerity. One state's insane energy agenda wants that as a model","2025-05-22","0","0","1","0","0","1","1","0"
"US Attorney staff in NYC potentially undermined Trump effort to kill NYC driving tax: watchdog","2025-05-20","0","0","1","0","0","0","0","0"
"America 'not smart enough' to keep Trump away from White House, MSNBC analyst says","2025-05-20","0","1","1","1","0","0","0","0"
"Trump’s ‘big beautiful bill’ needs a 'fat shot' to end our dangerous debt addiction","2025-05-19","0","0","1","0","0","1","0","0"
"On the rise: New poll indicates Trump's approval ratings are edging up","2025-05-15","1","1","1","1","0","0","1","0"
"Trump's tariff strategy can work but America still needs deeper economic reform","2025-05-15","0","1","1","0","0","1","1","0"
"GOP, Dems to square off over Trump's sweeping tax plan in high-stakes meeting today","2025-05-13","1","0","1","0","1","1","1","0"
"Billionaires boomed in Biden era as Fed became 'engine of income inequality' powered by COVID policies: expert","2025-05-13","0","1","1","1","1","1","0","0"
"America's 'Last Frontier' is our most strategic investment","2025-05-13","1","0","0","0","1","0","1","0"
"WATCH: Are Americans willing to pay more for items made in the USA?","2025-05-12","1","1","1","0","1","0","1","0"
"Trump’s healthcare order will help fix healthcare for everyone","2025-05-12","1","1","1","0","1","0","0","0"
"Trump says 'total reset negotiated' with China during tariff talks in Geneva","2025-05-10","1","0","0","0","1","0","0","0"
"House Republicans release tax plan for Trump's 'big, beautiful bill'","2025-05-10","1","0","1","0","1","1","1","0"
"Trump says tax raises are ‘good politics,’ dismissing GOP critics","2025-05-09","0","0","1","0","0","0","0","0"
"Civil war threatens GOP over millionaire tax hikes in Trump's 'big, beautiful bill'","2025-05-09","0","0","1","0","1","1","1","0"
"Trump is committed to 10% baseline tariff, White House says, despite UK trade deal announcement","2025-05-09","1","0","1","0","0","0","0","0"
"Blue state Republicans threaten mutiny over state and local taxes in Trump's 'big, beautiful bill'","2025-05-09","0","0","1","0","1","1","0","0"
"Will Trump trade deal with UK ease economic jitters and boost president's poll numbers?","2025-05-08","0","1","1","1","0","0","1","0"
"Scott Bessent says US doesn't want to decouple from China ahead of scheduled meeting with Chinese counterpart","2025-05-06","0","0","1","0","1","0","0","0"
"Teamsters boss praises Trump foreign film tariff, condemns Hollywood's 'un-American addiction to outsourcing'","2025-05-06","1","0","1","0","1","0","0","0"
"Where Donald Trump stands with Americans 15 weeks into his 2nd presidency","2025-05-06","0","1","1","0","1","0","0","0"
"Newsom proposes to work with Trump to 'Make America Film Again,' floats $7.5B federal tax credit","2025-05-06","1","0","1","0","1","0","0","0"
"Trump’s latest move proves his manufacturing Golden Age is just fools’ gold","2025-05-06","0","1","1","0","1","1","0","0"
"Trump says he'll call CEOs like Jeff Bezos if he has disagreement, calls him 'very nice guy'","2025-05-05","0","1","1","0","0","0","0","0"
"GOP rep urges lawmakers to ‘right-size’ bloated bureaucracy, national debt: ‘Wheels are coming off the wagon’","2025-05-05","0","0","1","0","0","0","0","0"
"DAVID MARCUS: The Americans I talk to will sacrifice for real change","2025-05-04","1","1","1","1","1","0","0","0"
"This is how Donald Trump can terminate tariff turmoil","2025-05-04","1","1","1","1","1","0","1","0"
"Trump dismisses Wall Street worries about short-term recession: ‘I think we’re going to do fantastically’","2025-05-02","1","1","1","1","0","1","1","0"
"Gavin Newsom is the one ‘wreaking chaos on California’","2025-05-01","0","1","1","0","1","1","1","0"
"'Hard no': Millionaire tax hike proposal has House Republicans divided","2025-04-30","0","0","1","0","1","0","1","0"
"Georgia Sen. Jon Ossoff says Trump's 'chaos and uncertainty' leading to economic challenges","2025-04-30","0","0","1","0","0","0","0","0"
"REP. MIKE KELLY, SEN. TIM SCOTT AND SECRETARY SCOTT TURNER: Save the Opportunity Zones before it’s too late","2025-04-30","1","0","1","0","1","1","0","0"
"Trump wagers US economy in high-stakes tariff gamble at 100-day mark","2025-04-29","0","1","1","1","1","0","0","0"
"Trump repeatedly walked back tariffs in first 100 days as White House announces latest duty tax relief","2025-04-29","1","1","1","0","1","1","1","0"
"Trump eases auto tariffs as he celebrates 100th day with Michigan rally","2025-04-29","1","0","1","0","0","1","0","0"
"ANDREW BATES: Trump killed our economy in just 100 days. Democrats must act now","2025-04-29","0","1","1","0","1","0","0","0"
"Trump poll numbers on economy fall during trade fight, surveys find","2025-04-29","0","1","1","0","0","0","1","0"
"LIZ PEEK: Ignore biased polls, Trump voters love his first 100 days","2025-04-29","1","1","1","1","1","0","1","0"
"Poll position: Where Donald Trump stands with Americans 100 days into his second presidency","2025-04-28","0","1","1","0","1","1","0","0"
"Trump says income tax cuts, and perhaps elimination, coming due to tariffs","2025-04-28","1","0","1","0","1","1","0","0"
"Trump should meet with Main Street businessmen. They deserve it","2025-04-28","0","1","1","1","1","0","0","0"
"Reagan-era economist scared by tariffs but open to 'great negotiator' Trump making them work","2025-04-26","0","0","1","0","0","0","0","0"
"California floats plan to allow homeless students to sleep in their cars amid housing crisis","2025-04-25","0","1","1","0","0","1","0","0"
"Twelve states sue Trump over tariffs, claiming they’re ‘illegal’ and harmful to US economy","2025-04-23","0","1","1","0","1","1","1","0"
"Trump vs Powell: An ugly fight we don’t need","2025-04-23","0","1","1","0","1","1","0","0"
"Trump's 14th week will be dominated by crucial trade talks","2025-04-21","1","0","1","0","0","0","0","0"
"President Trump’s ultimate magic trick","2025-04-19","1","1","1","0","1","0","1","0"
"GOP push to make Trump’s 2017 tax cuts permanent, say going back would be a ‘dramatic’ change for many","2025-04-19","0","0","1","1","1","1","0","0"
"What the financial markets are screaming about Trump's tariffs","2025-04-18","0","1","1","1","1","0","0","0"
"SCOOP: Pence urges Republicans to hold the line on tax hikes for the rich as Trump weighs options","2025-04-17","0","1","1","0","1","0","1","0"
"New study about IRS reveals just how much Trump tax cuts saved you","2025-04-17","1","1","1","0","1","1","0","0"
"Washington Post thrashes Biden, Trump for 'reckless deficits' putting country in financial peril","2025-04-16","0","1","1","0","0","0","0","0"
"Longtime Trump foe Letitia James reviewing possible insider trading over president's tariff pause","2025-04-16","0","0","1","1","0","0","0","0"
"House prices skyrocketed under Biden. Now, guess who Democrats want to blame?","2025-04-16","0","1","1","0","1","1","0","0"
"SEN JOHN THUNE: First 100 days of GOP Senate majority has accomplished much, and here's what is coming next","2025-04-16","1","0","1","0","0","0","1","0"
"DOGE reveals what you get for the half million you'll pay in taxes over your lifetime","2025-04-15","0","1","1","1","1","1","0","0"
"Trump says he's looking at certain tariff exemptions for automakers: 'They need a little bit of time'","2025-04-14","1","0","1","0","0","1","0","0"
"Comedian Theo Von backs Trump's tariff plan to bring life back to 'empty' US towns","2025-04-14","0","0","0","0","1","1","1","0"
"VICTOR DAVIS HANSON: 10 tough Trump tariff questions critics don't want to answer","2025-04-14","0","1","1","1","1","1","1","0"
"Trump's 13th week in office expected to include tariff negotiation blitz, visit from El Salvador leader","2025-04-14","1","0","1","0","0","0","1","0"
"Right starts to sound like the Left on tariffs: That's not America first","2025-04-14","0","1","1","0","1","1","1","0"
"I own a Corvette dealership and I’ve already seen the benefit of Trump’s tariffs","2025-04-14","1","0","1","0","1","1","0","0"
"BROADCAST BIAS: Networks go full negative spin over tariff turbulence, steer clear of good economic news","2025-04-12","0","1","1","1","1","1","1","0"
"WH slams Dems' 'partisan games' after Trump-foe Schiff calls for insider trading investigation over tariffs","2025-04-10","1","0","0","0","0","0","1","0"
"The Speaker’s Lobby: 'Whose throat do I get to choke?'","2025-04-09","0","1","1","1","0","1","0","0"
"Treasury Secretary Scott Bessent denies that tariff pause is due to market declines","2025-04-09","1","0","0","1","0","1","0","0"
"Trump says he'll 'take a look' at exempting some larger US companies hit especially hard by tariffs","2025-04-09","0","0","0","1","0","0","1","0"
"Where Trump's approval rating as president stands in a brand new national poll","2025-04-09","0","1","1","1","0","1","1","0"
"Donald Trump’s allies, supporters and donors, led by Elon Musk, push to end tariff war","2025-04-09","0","1","0","1","0","1","1","0"
"White House warns against tariff retaliation, says Trump ‘has a spine of steel and he will not break’","2025-04-08","1","0","0","0","0","0","0","0"
"Jeffries claims Trump budget bill will steal food from 'the mouths of babies' while enriching billionaires","2025-04-08","0","1","1","0","1","1","1","0"
"Poll position: Where Trump stands with Americans 11 weeks into his 2nd White House term","2025-04-07","0","1","1","1","1","0","0","0"
"The losers and winners of Trump's 'Liberation Day' tariff plan","2025-04-06","1","0","1","0","1","0","1","0"
"Trump urges Americans to 'hang tough' on tariffs plan as markets tumble","2025-04-05","0","0","1","1","1","0","1","0"
"Trump’s China tariffs face legal challenge from conservative group calling them ‘unlawful'","2025-04-04","0","0","1","1","0","0","0","0"
"SEN RAND PAUL: Terminate the Trump tariffs before it's too late","2025-04-04","0","1","1","1","1","1","1","0"
"Trump issues ‘prognosis’ for US after tariffs in medical metaphor","2025-04-03","1","1","1","1","1","1","1","0"
"'Liberation Day' tariff announcements stir up political frenzy","2025-04-03","0","1","1","0","0","1","0","0"
"Senate approves resolution against Trump's Canada tariffs hours after 'Liberation Day' event","2025-04-03","0","0","1","0","0","0","0","0"
"What America’s working class really wants, and why politicians keep ignoring them","2025-04-03","0","0","1","0","1","1","0","0"
"Treasury Secretary Bessent tells countries not to retaliate after sweeping 'Liberation Day' tariffs","2025-04-02","1","0","1","0","0","0","0","0"
"What is Trump's new Liberation Day and what to expect April 2?","2025-04-02","1","1","1","1","1","0","1","0"
"Pence group lashes out at Trump tariffs ahead of 'Liberation Day' event: 'Tax on American consumers'","2025-04-02","0","0","1","0","1","0","1","0"
"Trump to deliver 'Liberation Day' announcement from Rose Garden flanked by Cabinet members","2025-04-01","1","0","1","1","1","0","1","0"
"Vermont lawmaker defends call for 'picking winners and losers' as indictment of 'rigged' economy toward rich","2025-04-01","0","0","1","0","0","1","0","0"
"New research reveals how EV, emissions mandates are inflating costs for gas-powered cars, utilities","2025-03-31","0","1","1","0","0","0","1","0"
"Trump and his tariffs find unlikely ally in auto union boss, who blasted Dems and 'corporate greed'","2025-03-31","1","1","1","0","1","0","1","0"
"Trump's 11th week in office set to focus on tariffs as president touts 'Liberation Day'","2025-03-31","1","1","1","0","0","0","1","0"
"New Dems ready to move party and country beyond Trump chaos","2025-03-31","0","1","1","0","1","1","1","0"
"HUD chief showcases how private-public partnerships uplift economically neglected areas in Philly tour","2025-03-30","1","0","1","0","1","1","1","0"
"EU tariff threats are crushing craft whiskey distillers like me","2025-03-30","0","1","1","0","1","0","1","0"
"'MAGA leftist' writer says Trump's tariff war will result in restoring 'respect and dignity' to working class","2025-03-28","1","0","1","0","1","0","0","0"
"Deep red state makes major announcement about income tax: 'We plant our flag'","2025-03-27","1","0","1","0","1","0","0","0"
"This year's March Madness reflects rise of Red State America","2025-03-26","1","0","1","0","1","0","0","0"
"Forget AI, these dirty jobs will help you clean up","2025-03-26","1","0","1","0","1","1","1","0"
"Clean air mandates exacerbating dearth in gas tax revenues used for roads, bridges, infrastructure: Expert","2025-03-24","0","1","1","0","0","1","1","0"
"NC Senate showdown escalates as Trump rallies behind Whatley to keep GOP seat","2025-12-19","1","1","1","0","0","1","1","0"
"Commerce secretary predicts 'extraordinary year' ahead as inflation drops to 2.7% in November","2025-12-18","1","1","1","0","1","0","1","0"
"Trump to hand out $2.6B in ‘warrior dividends’ — and the surprising pot he’s pulling the money from","2025-12-18","1","0","0","0","0","1","0","0"
"Harvard economist says Trump inflation report leaves ‘no other way to spin it’ but good news","2025-12-18","1","1","0","0","1","0","0","0"
"Tim Scott tells MAGA voters Trump ‘is on the ballot’ as GOP fights to grow Senate majority in 2026","2025-12-20","1","1","1","0","0","1","1","0"
"Lower gas prices aren’t luck. Trump’s energy policies are fueling American independence","2025-03-24","1","1","1","0","0","1","1","0"
"White House thanks UAE for agreeing to 10-year, $1.4 trillion investment framework","2025-03-22","1","0","1","0","0","0","1","0"
"Trump's outside-the-box 'gold card' proposal could be a remarkable game changer","2025-03-22","1","0","1","0","1","1","1","0"
"The surprising way Trump can unleash America’s economic comeback","2025-03-21","1","0","1","0","1","0","0","0"
"This is how we protect US dollar dominance in the digital age","2025-03-21","1","1","1","0","0","1","0","1"
"Why US must assert industrial dominance in light of China-Europe ties","2025-03-18","0","0","1","0","1","0","1","0"
"Trump’s approval rating matches his all-time high, new poll finds","2025-03-17","0","1","1","0","0","1","0","0"
"DOUG SCHOEN: I'm a lifelong Democrat. My party is failing and needs to learn from a winner","2025-03-17","0","1","1","1","1","1","0","0"
"Mr. Wonderful talks 'excitement' around cryptocurrency under Trump: America is in a 'new phase'","2025-03-15","1","0","1","0","0","0","0","1"
"Maher asks 'why do we want to bring back manufacturing' as Trump makes jobs argument in tariff war","2025-03-15","0","1","0","1","1","1","0","0"
"The left thinks Trump's tariffs are a declaration of war. But they're clueless about the battlefield","2025-03-14","1","1","1","0","0","0","0","0"
"New poll flashes warning sign on a top issue for Trump during campaign","2025-03-12","0","1","1","0","0","0","0","0"
"White House advisor loses patience with reporter over questions about Trump's tariff strategy","2025-03-12","0","0","0","1","0","0","0","0"
"A failing response to bird flu is hurting farmers and consumers","2025-03-12","0","1","1","0","1","1","0","0"
"Trump’s federal layoffs are a betrayal of working Americans","2025-03-12","0","1","1","0","1","1","0","0"
"Randi Weingarten says quiet part out loud: Fears Ed Dept closure will boost school choice funds","2025-03-10","0","0","1","0","0","1","0","0"
"Freedom Caucus member Anna Paulina Luna joins AOC to push 10% credit card interest rate cap","2025-03-10","1","0","0","0","0","0","0","0"
"Trump says intel pause on Ukraine has been 'just about' lifted; says tariffs will make America rich","2025-03-09","1","0","0","0","1","0","0","0"
"Smart policy and cheaper eggs: Trump-Rollins team good for farmers and US consumers","2025-03-07","1","1","1","0","1","0","0","0"
"Youngkin walks political tightrope, balancing support for DOGE workforce cuts with mega-job fair","2025-03-06","1","0","1","0","1","0","1","0"
"Protect American workers: How Trump's team can fulfill his promise","2025-03-05","1","0","1","0","1","1","0","0"
"Trump calls out federal workers not showing up to the office, says it's time to drain 'the swamp'","2025-03-05","0","0","1","0","1","0","0","0"
"15% corporate tax rate and 25% small business deduction should be Trump tax cut centerpieces","2025-03-04","1","1","1","0","1","1","1","0"
"Major Trump tariff move likely to benefit this heartland American city","2025-03-04","1","0","1","0","0","0","0","0"
"Fired pipeline worker says reviving Keystone XL Pipeline will help families ‘prosper’","2025-03-01","1","0","1","0","0","1","1","0"
"My family sacrificed for me. And now I have a plan to unlock opportunity for others","2025-02-28","1","0","1","0","1","1","0","0"
"New study reveals blue state's fast-food minimum wage hike jeopardized thousands of jobs","2025-02-27","0","1","0","0","1","0","1","0"
"Republicans barrel toward showdown over Trump tax cuts after dramatic House budget vote","2025-02-26","0","0","1","0","1","1","0","0"
"3 long-term consequences from Biden’s cancellation of the Keystone pipeline","2025-02-26","0","0","1","0","1","1","1","0"
"SEN CHRIS COONS: Trump's inflationary policies making America expensive again","2025-02-25","0","1","1","1","0","1","1","0"
"Trump calls for company building Keystone XL Pipeline to return to America and ‘get it built’","2025-02-24","1","0","1","0","1","1","1","0"
"Donald Trump claimed he would help American workers. Now, he’s betraying them","2025-02-24","0","1","1","0","1","1","0","0"
"Mike Rowe says Trump policies will lead to short-term pain, but long-term gain","2025-02-23","1","0","1","0","1","0","1","0"
"America, let's make families great again","2025-02-23","1","1","1","0","1","1","0","0"
"5 tax software programs for a stress-free tax season","2025-02-22","1","0","1","0","0","1","0","0"
"5 priorities crucial to success of Trump’s Energy Council","2025-02-21","1","0","1","0","1","0","1","0"
"Obama economist calls out Bidenomics in op-ed, says it fell short of 'lofty goals'","2025-02-20","0","1","1","0","0","0","0","0"
"Parents could see up to $12,000 child tax refund under new bipartisan House bill","2025-02-20","0","0","1","0","1","1","0","0"
"College football country seeks key tax exemption for athletes to enhance recruitment, boost team continuity","2025-02-20","1","0","1","0","1","0","1","0"
"Dept of Ed spending soared 749% despite downsizing, new DOGE-inspired initiative reveals","2025-02-20","0","1","1","0","1","0","0","0"
"Green New Headache: Dems flee gov’s green ‘Energy Master Plan’ as election approaches","2025-02-19","0","0","0","0","0","1","1","0"
"Trump tariffs spark 'exciting time' for Ohio steel plant as CEO eyes adding jobs, boosting productivity","2025-02-16","1","0","1","0","1","1","1","0"
"Independents side with Trump on tax cuts and eliminating wasteful spending","2025-02-16","1","0","1","0","0","0","0","0"
"Top Trump agency recovers eye-popping sum after launching DOGE task force","2025-02-16","1","0","1","0","0","1","1","0"
"Trump details his reciprocal tariff plans, asks foreign countries to 'treat us fairly': 'Deliver RECIPROCITY'","2025-02-15","1","1","1","0","1","0","1","0"
"Why reselling concert and sporting tickets online could cause you an IRS audit","2025-02-15","0","1","1","0","0","1","0","0"
"Costco and investors could pay big time for its DEI policies","2025-02-14","0","0","0","0","1","0","0","0"
"US will be 'flooded with jobs' as foreign nations avoid tariffs, Trump says","2025-02-13","1","1","1","0","1","0","1","0"
"Inheritance tax hits chopping block as more than 200 Republicans push for repeal","2025-02-13","1","0","1","0","1","0","0","0"
"Ex-Clinton comptroller says 'voters were right' about bad Biden economy, government numbers were 'wrong'","2025-02-13","0","1","0","0","1","1","0","0"
"The impending AI-driven jobless economy: Who will pay taxes?","2025-02-13","0","1","1","0","1","1","0","0"
"Democrats must make the case that government can be effective and good","2025-02-17","0","0","1","0","1","0","0","0"
"How Trump might get rid of the penny — and what could come next for your pocket change","2025-02-10","0","1","1","0","0","1","0","0"
"'Constitutional crisis': The Impoundment Control Act takes center stage after Russell Vought's confirmation","2025-02-10","0","0","1","0","0","0","0","0"
"Here's how Trump's tariffs on China could impact drug pricing and other healthcare costs","2025-02-10","0","1","1","0","0","1","0","0"
"Russ Vought, tapped as CFPB's acting director, directs bureau to issue no new rules, stop new investigations","2025-02-09","0","0","0","0","0","1","0","0"
"Brazil's socialist president tells citizens not to buy expensive grocery items as food prices rise","2025-02-07","1","1","0","0","0","0","1","0"
"Fentanyl's financial grip on US skyrocketed to $2.7T at height of Biden admin: study","2025-02-07","0","1","1","0","1","0","1","0"
"Trump spells out tax plan for House GOP leaders in White House meeting","2025-02-06","1","0","1","0","1","0","1","0"
"Americans bullish on economy and stock market with Trump in office: poll","2025-02-04","1","1","1","1","1","0","1","0"
"Egg heist: Pennsylvania police investigating after 100,000 eggs stolen","2025-02-04","0","1","0","0","0","0","0","0"
"US heading towards economic ‘heart attack’ if debt is not cut soon: World’s largest hedge fund founder","2025-02-04","0","1","1","0","1","1","0","0"
"'America First': Largest steel producer in US announces support of Trump tariffs","2025-02-03","1","0","1","0","0","0","1","0"
"‘Experts’ fear China’s DeepSeek AI. Econ 101 says they shouldn’t worry","2025-02-03","1","0","1","1","0","1","0","1"
"Musk rips 'fraudulent' Treasury handouts as reports mount DOGE has access to federal payment system","2025-02-02","1","1","1","0","0","0","0","0"
"Gen Z plans micro-retirement when they’ve barely started working","2025-02-02","0","0","1","0","0","1","1","0"
"Trump imposes tariffs on imports from Canada, Mexico and China: 'National emergency'","2025-02-01","0","0","0","0","1","0","1","0"
"CRAIG T. NELSON: I grew up in a farm family. My new film celebrates Americans who really do work for food","2025-02-01","0","1","1","0","1","1","0","0"
"3 reasons why Elon Musk wants to get rid of the penny","2025-02-01","1","1","1","0","0","0","0","1"
"Trump's ultimatum to federal workers: Return to office 'or be terminated'","2025-01-29","0","0","1","0","1","0","0","0"
"Leavitt says egg shortage, grocery prices why Senate must 'move swiftly' to confirm Trump nominees","2025-01-28","0","1","1","0","1","0","1","0"
"Trump's AI 'declaration' reminiscent of JFK pledge to put a man on the moon: Former White House IT official","2025-01-24","1","0","1","0","1","1","1","0"
"Los Angeles agency reveals estimated economic impact of deadly wildfires as infernos still rage","2025-01-23","0","0","1","0","1","0","0","0"
"How Team Trump can make AI stand for American Innovation","2025-01-22","1","0","1","0","0","0","1","1"
"If Trump is serious about helping working families, here’s what we can do together","2025-01-20","0","1","1","0","1","1","1","0"
"MSNBC's Lawrence O'Donnell gushes over Biden's achievements in final interview: 'Like a magic trick'","2025-01-17","1","0","0","0","1","0","1","0"
"Zuckerberg, other moguls say they're backing off ESG and DEI but are they for real?","2025-01-17","0","0","0","0","0","0","1","0"
"Biden defends inflation policies, says 'red states really screwed up' their economies in final interview","2025-01-17","0","1","0","0","1","0","0","0"
"Fox News Poll: Over half say Biden administration made the economy worse","2025-01-16","0","1","1","0","1","1","0","0"
"Trump's pick as HUD secretary, a former NFL player, says he wants to help Americans get off government aid","2025-01-16","1","1","1","0","0","1","0","0"
"President Biden releases farewell letter, says it’s been ‘privilege of my life to serve this nation'","2025-01-15","1","1","0","0","1","0","1","0"
"GOP tax leaders: US small businesses could pay more tax than small businesses do in China if Trump cuts expire","2025-01-14","0","0","1","0","1","1","0","0"
"Cap-and-trade returns: NY plans to force big oil to ‘invest’ in ‘green’ by paying for emissions","2025-01-13","0","1","1","0","1","0","1","0"
"Major push to protect, renew Trump tax cuts launched by powerful conservative group","2025-01-13","1","0","1","0","1","0","1","0"
"Biden looks to limit AI product exports, tech leaders say they'll lose global market share","2025-01-08","0","1","1","0","0","0","1","0"
"Liberal Washington Post columnist predicts Biden 'won't have much of a lasting legacy'","2025-01-08","0","1","1","0","1","1","0","0"
"SEN. BERNIE SANDERS: H-1B visas hurt one type of worker and exploit another. This mess must be fixed","2025-01-08","0","1","1","0","1","1","0","0"
"Schumer says Dems must ‘look in the mirror’ after losing White House, Senate: ‘We did some things wrong’","2025-01-05","0","0","0","0","0","0","0","0"
"5 New Year’s money resolutions if you want to be a millionaire","2025-01-04","1","1","0","0","0","0","1","0"
"Washington state Democrats accidentally email their 'radical' tax plan to entire Senate","2025-01-03","0","0","1","0","0","1","0","0"
"3 ways Trump can deliver an economic 'golden age' for America","2025-01-03","1","0","1","0","1","0","1","0"
"Trump says he's not changed his mind on H-1B visas as debate rages within MAGA coalition","2025-01-02","1","1","1","0","1","0","0","0"
"Bernie Sanders plans to spearhead legislation on key Trump proposal","2024-12-31","0","0","0","0","0","0","0","0"
"10 huge ways to make America’s economy great again in 2025","2024-12-31","1","1","1","0","1","1","1","0"
"Virginia Democrats 'asking the wrong question' amid outrage over DOGE federal workforce cuts, GOP leader says","2024-12-28","0","1","1","0","1","0","0","0"
"Scott Eastwood company proudly promotes American manufacturers: 'We used to make things'","2024-12-24","1","0","0","0","1","0","0","0"
"Stunning new data shows voters were right to question Biden-Harris job numbers","2024-12-19","0","1","0","0","1","0","0","0"
"LAURA INGRAHAM: It's time for Congress' 'annual spending farce' known as a continuing resolution","2024-12-18","0","0","0","0","0","0","0","0"
"DeSantis slams 'false media narratives' on illegal immigration response as report shows Florida's economy grew","2024-12-18","1","0","0","0","1","0","1","0"
"Biden oblivious about leaving Trump an economy on the precipice of disaster","2024-12-18","0","1","1","0","1","1","0","0"
"Trump says US subsidies to Canada make ‘no sense,’ suggests Canadians want ‘to become the 51st State’","2024-12-18","0","0","1","0","0","0","1","0"
"Virginia Gov. Youngkin calls for end to taxes on tips ahead of legislative session","2024-12-17","1","1","1","0","0","0","0","0"
"Economic experts pan Hochul’s ‘inflationary’ ‘inflation refunds’: ‘Not difficult math’","2024-12-16","0","1","1","0","1","1","0","0"
"Majority of small businesses anticipate revenue spikes under Trump's 1st year in office: data","2024-12-16","1","1","1","0","1","0","1","0"
"Business experts say Biden regulations have stifled growth: 'America wants a different choice'","2024-12-13","0","1","0","0","0","1","0","0"
"Small businesses get temporary reprieve from 'Big Brother,' but need more certainty","2024-12-13","0","1","0","0","0","1","0","0"
"Fox News Poll: Negative economic and political ratings for Biden as he exits","2024-12-12","0","1","1","0","0","0","0","0"
"Morning Glory: The risk Republicans run by delaying tax legislation","2024-12-12","1","1","1","0","0","1","0","0"
"Fox News Poll: Voters feel hopeful post-election, want Trump to focus on inflation","2024-12-11","1","1","1","0","0","0","1","0"
"Biden says Trump inheriting ‘strongest economy in modern history,’ slams tariff plan as ‘major mistake’","2024-12-10","0","1","1","0","1","0","0","0"
"Docs showing Biden admin called on banks to 'pause' all crypto activity confirms 'debanking' suspicions","2024-12-10","0","0","0","0","0","0","0","1"
"Republicans rip Hochul's 'inflation refunds' as a bribe to 'make NYers like her'","2024-12-10","0","1","1","0","0","1","1","0"
"Donald Trump says this is the reason he won last month's presidential election","2024-12-09","0","1","1","0","1","0","0","0"
"China abused its US trade relationship. Trump can fix it","2024-12-09","0","0","1","0","1","1","0","0"
"Trump can fix the illegal immigration crisis and make them pay for it, too","2024-12-06","0","0","1","0","0","1","1","1"
"Watch Trump reverse Biden's dumpster-fire economy, and then watch Dems try to take credit for the success","2024-12-06","1","1","1","0","1","1","1","0"
"Scott Walker calls nixing of landmark WI law that led to mass protests in 2011 a 'brazen political action'","2024-12-06","0","1","1","0","1","1","0","0"
"House Dems ripped for social media post on key issue affecting Americans: 'Embarrassing'","2024-12-03","0","1","0","1","1","1","0","0"
"California's unemployment benefits system 'broken' with $20B owed to feds in loan debt: report","2024-12-03","0","1","1","0","1","1","0","0"
"Rocket launch attendees share their dreams about Trump and Musk alliance: ‘Awesome partnership for America’","2024-12-02","1","1","1","0","0","1","0","0"
"Trump’s energy agenda can make America affordable again","2024-12-02","1","1","1","0","1","0","1","0"
"Are affordable housing mandates constitutional? Lawmakers respond to the affordability crisis nationwide","2024-11-30","0","0","1","0","0","1","1","0"
"Elon Musk says there's substantial ignorance about America's national debt","2024-11-27","0","1","1","1","0","0","0","0"
"As Americans prepare for Thanksgiving, veterans face food insecurity in significant numbers: study","2024-11-27","0","0","1","0","0","0","0","0"
"Utah senator coaches GOP aides on strategy for streamlining Trump’s agenda through Congress","2024-11-27","1","0","1","0","1","1","0","0"
"‘The View’ co-host Sunny Hostin claims Trump 'never talked about' egg prices during campaign","2024-11-26","0","1","0","0","1","0","1","0"
"Manchin slams ‘17 educated idiots’ that were advising Biden during COVID","2024-11-24","0","1","0","0","1","0","0","0"
"California entrepreneur who led minimum wage measure 'disappointed' by defeat, vows to fight for working class","2024-11-22","0","1","1","0","1","1","1","0"
"Vivek's back-to-the-office mandate could finally eradicate the deep state","2024-11-21","0","0","1","0","1","0","0","0"
"Morning Glory: Worried about the national debt?","2024-11-21","0","1","1","0","1","1","1","0"
"Opponents of failed California measure to raise minimum wage say voters 'made the right call'","2024-11-20","0","1","1","0","1","1","1","0"
"Biden admin Commerce Dept seeks to exhaust CHIPS Act funding before Biden leaves office","2024-11-20","0","0","0","1","0","0","0","0"
"California voters narrowly reject $18 minimum wage; first such no-vote nationwide since 1996","2024-11-20","0","1","1","0","1","1","1","0"
"‘Anti-Trump activist’: Conservative groups rip former Romney adviser’s attempt to influence MAGA agenda","2024-11-19","0","1","1","0","1","0","1","0"
"F1 Las Vegas Grand Prix introduces lower prices, more experiences to attract fans","2024-11-19","1","1","1","0","0","1","1","0"
"Dozens of state financial officials warn new Congress of national security implications of ignoring US debt","2024-11-18","0","0","1","0","0","0","1","0"
"Trump supporters rip Chicago mayor to his face just before City Council rejects his tax hike","2024-11-16","0","0","1","0","0","1","0","0"
"Anxious Americans are 'doom spending' to cope with the election, economy","2024-11-16","0","1","0","0","0","0","0","0"
"Larry Kudlow to remain at helm of FOX Business show amid Trump admin reports","2024-11-15","1","1","1","1","0","1","1","0"
"Leave the oil to me: Trump vows to unleash US energy, undo key Biden rules in 2nd term","2024-11-14","0","1","1","0","1","1","1","0"
"ANDY PUZDER: Trump won in an ‘It’s the economy, stupid’ election. Democrats chose just to be stupid","2024-11-12","0","1","1","1","1","1","1","0"
"Lifelong Dem, who voted Trump, clashes with CBS reporter on the state of the Biden economy","2024-11-12","0","1","1","0","1","1","1","0"
"Retailers announce 'inflation-free' Thanksgiving dinner deals","2024-11-07","1","1","0","0","0","1","0","0"
"Trump-backed incumbent Rep. Scott Perry wins re-election in Pennsylvania","2024-11-07","1","1","1","0","1","1","1","0"
"These 3 Trump policies will help fix America’s broken economy","2024-11-07","1","1","1","0","1","1","1","0"
"Fox News Voter Analysis: Is this a change election? Top issues and mood of the nation as voters weigh in","2024-11-05","0","1","0","0","0","1","1","0"
"The big issue ‘hurting everyone’ that will define the 2024 election, according to Americans","2024-11-04","0","1","0","0","0","1","1","0"
"Oregon ballot measure would tax big corporations more, return revenue as rebate to residents","2024-11-01","0","1","1","0","0","0","1","0"
"November surprise: Dismal jobs report gives Trump last-minute political ammunition to fire at Harris","2024-11-01","0","1","0","0","1","0","1","0"
"ANTJUAN SEAWRIGHT: I stand with Kamala Harris – and democracy, equality, opportunity","2024-10-31","0","0","1","0","1","1","0","0"
"I'm Deb Fischer: This is why I want Nebraska's vote for Senate","2024-10-29","0","1","1","0","0","1","1","0"
"'World's most accurate economist' makes bold prediction for 2024 election","2024-10-28","1","0","1","0","0","1","0","0"
"'Bad policy': Minnesota lawmaker says Walz gas tax increase will hurt lower-income residents the most","2024-10-28","0","1","1","0","1","1","1","0"
"Trump declares Harris campaign is ‘imploding’ in tax cut-focused Vegas rally: ‘leading by so much’","2024-10-25","1","1","1","0","0","1","1","0"
"Liberal media outlet inadvertently explains benefits of Trump's economic plan","2024-10-23","0","1","1","0","1","1","1","0"
"Harris' death tax reform could impact more than just the ultra-wealthy, experts say","2024-10-21","0","0","1","0","1","1","0","0"
"Kamala Harris wants America to have the world's highest death tax","2024-10-19","0","1","1","0","1","1","1","0"
"Poll finds majority of Americans say they're worse off than four years ago, similar to 1992 election","2024-10-18","0","1","0","0","1","1","1","0"
"Can we afford to defend America without going bankrupt?","2024-10-18","0","0","1","0","1","1","0","0"
"I’m a farmer – and know Kamala Harris would be a disaster for American agriculture","2024-10-18","0","1","1","0","1","0","1","0"
"Key Pennsylvania region sees ‘waitlist’ for Trump signs; lawmaker says voters ready to reverse Dem policies","2024-10-17","0","0","1","0","0","1","1","0"
"Vance speculates why Pennsylvania is trending red, warns battleground not to trust Harris on manufacturing","2024-10-17","1","1","1","0","1","0","1","0"
"'There's only one': Battleground state voters reveal which presidential candidate they prefer on the economy","2024-10-16","0","1","1","0","1","1","1","0"
"Trump stood up for America’s workers before. As rank-and-file Teamsters, we believe he will do it again","2024-10-16","1","0","1","0","1","1","1","0"
"Trump says GOP is 'party of common sense' during contentious Bloomberg interview","2024-10-15","1","1","1","0","0","1","0","0"
"Harris support for EVs could tank campaign in critical swing state, expert says","2024-10-15","0","0","0","0","1","1","1","0"
"Harris touts her work on the economy, but what has she actually done for small businesses?","2024-10-15","0","1","1","0","1","1","1","0"
"Union workers in crucial swing state reveal issues driving their support for VP Harris: 'Very excited'","2024-10-14","1","1","1","0","1","1","1","0"
"'Orange man' and the economy: Swing state voters share the issues driving their vote","2024-10-14","0","1","1","0","0","1","1","0"
"Land of the Free, Home of the Broke. Here's how YOU can dodge the retirement disaster","2024-10-13","0","1","1","1","0","1","0","0"
"Politico says Harris is running on a 'dream economy' but voters aren't noticing","2024-10-11","0","1","1","1","1","1","1","0"
"Atlanta locals slam the state of the current economy: 'Living is so hard'","2024-10-09","0","1","0","0","0","1","1","0"
"SEE IT: Wisconsin dairy farmer says 'no question' Trump admin was 'much better' than Biden-Harris","2024-10-08","0","1","0","0","0","0","1","0"
"Harris says wealthy Americans, corporations will pay higher taxes to fund economic plan","2024-10-07","1","0","1","1","0","1","0","0"
"'Panic buying begins': TikTok users show port strike fears sparked toilet paper and grocery rush","2024-10-05","0","1","1","0","0","1","1","0"
"Texas residents express frustration with the economy, trust Trump more than Harris","2024-10-05","0","1","1","0","1","1","0","0"
"Trump can win on these 3 key issues, Michigan voters tell Fox","2024-10-04","1","1","1","0","1","1","0","0"
"'Lies throughout': Trump-backed challenger, longtime Dem senator face off in heated battleground debate","2024-10-04","0","1","1","0","1","1","1","0"
"Transportation secretary Pete Buttigieg says port strikes could have real impact on economy","2024-10-03","0","1","1","0","1","1","0","0"
"Ohio GOP Senate candidate Moreno hits Brown on Inflation Reduction Act vote in ad that's part of $25M buy","2024-10-03","0","1","1","1","1","1","1","0"
"Biden will 'wreck' US economy by failing to intervene in dockworkers' port strike, GOP leader warns","2024-10-03","0","1","1","0","1","0","1","0"
"This is who gets the blame for the port strike. Hint: It's not labor or management","2024-10-03","0","1","1","0","1","1","1","0"
"Stop the insanity. Our national debt now tops $35 trillion...","2024-10-03","0","1","1","0","0","1","0","0"
"Here's how Biden-Harris inflation will make returning to the office wildly more expensive","2024-10-03","0","1","1","0","1","0","1","0"
"Beware Kamala's 'fair share' lie on taxes","2024-10-02","0","1","1","0","0","0","0","0"
"Vance rips Walz on economy, says he's forced to 'pretend' Trump didn't lower inflation","2024-10-01","0","1","1","0","1","1","1","0"
"Byron Donalds spars with 'Breakfast Club' hosts over Harris' economic record: 'You sure you want to go there?'","2024-10-01","0","1","0","0","1","1","0","0"
"Fox News Power Rankings: Trump maintains lead on 2 top issues ahead of VP debate","2024-10-01","0","0","1","0","0","0","1","0"
"RYAN & WOLF: We're moderate capitalists and our presidential pick is simple","2024-09-30","1","0","1","1","1","1","1","0"
"MIKE POMPEO: Kamala Harris would crush families with big-government price controls","2024-09-30","0","1","1","0","0","1","1","0"
"Trump, Harris blasted for ignoring exploding budget deficit, as economists plead with both to 'get real'","2024-09-29","0","1","1","0","0","1","1","0"
"MSNBC's Stephanie Ruhle fawns over Harris, says non-answers are 'okay': These aren't 'clear and direct issues'","2024-09-26","1","1","1","0","1","0","0","0"
"Kamala Harris mocked for 'inspire us by helping us to be inspired' word salad: 'Vapidity upon vapidity'","2024-09-26","0","0","0","0","0","1","1","0"
"Kamala Harris confronted on not earning Teamsters endorsement: 'What was their reasoning?'","2024-09-25","0","0","1","0","1","0","0","0"
"MSNBC's Stephanie Ruhle calls out Harris for dodging how she'd raise taxes: 'She doesn't answer the question'","2024-09-25","0","0","1","0","0","0","0","0"
"Harris calls Trump 'one of the biggest losers ever' during economy speech in key battleground","2024-09-25","0","1","1","0","1","1","1","0"
"Harris-Trump showdown: New poll indicates who has edge in most important battleground","2024-09-25","0","1","1","0","0","0","0","0"
"Immigration expert warns Black Americans are being impacted by migrants 'flooding their communities'","2024-09-25","0","0","0","0","1","1","0","0"
"Bidenomics architect is Kamala’s economic whisperer","2024-09-25","0","1","1","0","0","1","1","0"
"Trump reveals tax deal he will be ‘offering to every major company and manufacturer on Earth’","2024-09-24","1","1","1","0","1","1","1","0"
"Josh Shapiro blasted for signing missile alongside Zelenskyy in Biden’s hometown: ‘Party of war’","2024-09-24","0","0","1","0","1","0","1","0"
"Philly voters sound off on economy: 'Everybody is struggling right now'","2024-09-24","0","1","1","0","0","1","1","0"
"Trump has a plan for economic prosperity, Harris does not","2024-09-23","1","1","1","0","1","1","1","0"
"Working class will come home to Harris, rallygoers in postindustrial Pennsylvanians say","2024-09-22","1","1","1","0","1","1","1","0"
"Kamala Harris will be defeated by an unexpected opponent","2024-09-21","0","1","1","0","1","0","0","0"
"Harris-Trump showdown: The edge is clear on this key issue","2024-09-21","0","1","1","0","0","1","0","0"
"Tupperware party is over: Bankruptcy seals the lid on an era in American consumer culture","2024-09-20","0","0","0","0","0","0","1","0"
"I’m an immigrant and I’ve done the math. Here’s how to fix our immigration system","2024-09-20","0","0","1","0","0","1","0","0"
"CNN reporter lectures boat-owning Trump supporter he shouldn't be complaining about economy","2024-09-19","0","1","1","0","0","0","0","0"
"Why Kamala Harris’ $25,000 down payment program is just like the electric vehicle boondoggle","2024-09-19","0","1","1","0","1","1","1","0"
"Dozens of states urge EPA to deny California waiver making out-of-state trucks comply with electric mandate","2024-09-18","0","1","1","0","0","0","1","0"
"Harris serves up word salad in DC speech: 'The children of the community are the children of the community'","2024-09-18","0","1","1","0","1","1","0","0"
"Trump says he will tax Mexican auto imports by 200% and make them 'unsellable' in the US","2024-09-18","1","0","1","0","1","0","1","0"
"Gavin Newsom: Critics said California's minimum wage increase would be a job killer. The opposite happened","2024-09-18","1","1","1","1","1","1","0","0"
"New Trump website reveals how much money a Harris presidency could cost taxpayers","2024-09-17","0","1","1","0","1","0","0","1"
"WATCH: Americans frustrated with 'outrageous' high prices ahead of the presidential election","2024-09-17","0","1","1","1","0","1","1","0"
"The U.S. job market is booming, but only if you’re here illegally","2024-09-16","0","0","1","1","1","0","0","0"
"Harris dodges question on lowering prices by describing 'middle-class' roots: Neighbors 'proud of their lawn'","2024-09-13","0","1","1","0","0","1","1","0"
"'Very scary territory': Libertarian Party president fears what Harris could do to American Dream","2024-09-13","0","1","1","0","1","1","0","0"
"Trump promises to end taxation of overtime pay: 'Your overtime hours will be tax-free'","2024-09-12","1","0","1","0","0","0","1","0"
"4 best ways to save on bills","2024-09-07","1","1","0","0","0","1","1","0"
"Conservative economists pour cold water on Harris' new small-business tax proposal","2024-09-07","0","1","1","1","0","1","0","0"
"Want empty grocery stores? Vote Kamala Harris","2024-09-06","0","1","0","0","1","0","1","0"
"Biden-Harris economy is leaving men behind","2024-09-06","0","1","1","0","1","1","1","0"
"IRS might take more of your money under Kamala Harris","2024-09-06","0","1","1","0","0","1","0","0"
"Energy groups pan Biden-Harris $7.3B 'clean energy' spending ahead of battleground visit","2024-09-05","0","1","1","0","1","0","1","0"
"New York Republican wrangles with CNN host hitting Trump's economic policies","2024-09-05","0","1","1","0","1","0","0","0"
"Trump vows to cut business tax rate to 15%, create government efficiency commission led by Elon Musk","2024-09-05","1","1","1","0","1","1","1","1"
"Trump warns US will land in a '1929-style depression' if Harris wins election","2024-09-05","0","1","1","0","0","0","0","0"
"Numbers show Harris tax proposals would give to small business with one hand, take with the other","2024-09-04","0","1","1","0","1","1","0","0"
"Harris economy will spike your taxes by $1,100 and make America's working class suffer","2024-09-04","0","1","1","0","1","1","0","0"
"President Biden smiles, ignores press shouting questions for a full minute at White House event","2024-09-03","1","1","0","1","1","0","0","0"
"California Dems kill GOP bid to exempt tips from taxes","2024-09-03","0","0","1","0","1","0","1","0"
"One state’s budget dispels big lie about school choice","2024-09-03","1","0","1","0","0","1","0","0"
"Trump focus on inflation, jobs can make inroads with Black voters, Chicago Republican leader says","2024-09-03","1","1","1","0","1","1","0","0"
"If Kamala Harris wants price controls, here's where she should start","2024-08-30","0","1","1","0","0","1","0","0"
"Here's what Kamala Harris' tax Armageddon will cost you and the US economy","2024-08-29","0","1","1","0","1","0","0","0"
"CNBC hosts clash with Harris campaign economic adviser over unrealized gains tax proposal: 'Unconstitutional'","2024-08-28","0","0","1","1","0","0","0","0"
"Harris gains on Trump on economy and crime, poll finds","2024-08-28","0","0","0","0","0","1","0","0"
"Don Lemon marvels at Black voters telling him they’re backing Trump: Think he’s ‘on Black people’s side’","2024-08-27","0","1","0","0","0","1","0","0"
"Both Harris and Trump need an answer to housing crisis","2024-08-27","0","1","1","0","0","1","0","0"
"'Beyond Insane': Economists slam Biden-Harris proposal to tax unrealized investment returns","2024-08-26","0","1","1","0","0","0","0","0"
"5 California taxes Kamala Harris could use to crush the middle class","2024-08-26","0","0","1","0","0","1","0","0"
"VP Harris' tiebreaker votes in Senate were key to inflation-boosting Biden policies: expert","2024-08-25","0","1","1","0","1","1","1","0"
"High rent forces mom of two to move family into hotel: 'Hope and joy is not paying my bills'","2024-08-24","0","1","1","0","0","1","0","0"
"Elizabeth Warren has fierce clash with CNBC host on Harris' price control plan: 'A fool's errand'","2024-08-23","0","1","0","0","0","0","1","0"
"Commerce Sec doesn't 'believe' news of grim job revisions because Trump said it: 'I'm not familiar with that'","2024-08-21","0","0","1","0","1","0","0","0"
"Official report stating US gained nearly 818,000 jobs less than originally thought stuns internet","2024-08-21","0","1","1","0","1","0","0","0"
"Trump accuses Biden admin of 'MASSIVE SCANDAL' after new jobs numbers dramatically revised downward","2024-08-21","0","1","0","0","1","0","0","0"
"Axios slammed for saying Harris policy is not price controls, after calling similar policies price controls","2024-08-21","0","1","0","0","0","0","1","0"
"DNC attendees pressed on what Harris presidency would mean for middle class","2024-08-21","1","1","1","0","0","1","1","0"
"CNBC presses commerce secretary on Harris' price-fixing plan, causes of inflation","2024-08-20","0","1","1","0","1","0","1","0"
"Biden-Harris rely on a smoke-and-mirrors economy","2024-08-20","0","1","1","1","1","1","1","0"
"Chicago grocery owner skeptical of Harris 'gouging' plan: 'What exactly are we trying to control?'","2024-08-19","0","1","1","1","1","1","0","0"
"VP debate moderator previews why Trump is 'wrong' on Kamala's price control attacks","2024-08-19","0","1","1","0","0","0","0","0"
"Farmers 'brutalized' as costs 'go through the roof' in last days of Biden's America","2024-08-19","0","1","1","0","1","1","1","0"
"Fox News Power Rankings Issues Tracker: Trump leads on two top issues, but Harris is gaining ground","2024-08-18","0","1","1","1","0","1","1","0"
"Trump says Harris has gone 'full communist' after unveiling handout-filled economic policy: 'Never worked'","2024-08-17","0","1","1","0","0","1","1","0"
"Cracks in the wall of media praise for Harris? Multiple outlets eviscerate VP over price control plan","2024-08-17","0","1","1","0","0","1","0","0"
"Harris' price control plan will cause 'bread lines' and recreate 'The Walking Dead' economy: CNN commentator","2024-08-17","0","1","1","0","0","1","0","0"
"Liberal Washington Post editorial board has scathing take on Harris' economic plan: 'Populist gimmicks'","2024-08-17","0","1","1","0","0","1","0","0"
"Trump accuses Harris of 'Soviet style' policies following price control proposal","2024-08-17","0","1","1","0","0","0","0","0"
"Harris skewered for 'day one' promise to 'bring down prices:' 'What have you been doing the last 4 years?'","2024-08-16","0","1","1","1","1","1","0","0"
"LAURA INGRAHAM: This is a 'nightmarish idea' from Kamala Harris","2024-08-16","0","1","0","0","0","1","1","0"
"Economic commentator warns Harris' price control plan already tried in 'Venezuela, Argentina, Soviet Union'","2024-08-16","0","1","1","0","0","0","0","0"
"Kamala Harris goes viral in parody Trump ad after lamenting high prices: 'This is devastating'","2024-08-16","0","1","1","0","0","0","0","0"
"CNN anchor says Harris' price control plan 'sounds' like a 'ploy:' 'Is it really policy?'","2024-08-16","0","1","1","0","0","0","0","0"
"Dem socialist senator rallies behind Harris' price-fixing plan: 'Important step forward'","2024-08-16","0","1","1","0","0","1","0","0"
"Harris rips economic hardships that began during her own administration in campaign speech","2024-08-16","0","1","1","0","0","1","1","0"
"Obama economist trashes Kamala Harris' price control plan: 'This is not sensible policy'","2024-08-16","0","1","1","0","0","0","0","0"
"Youngkin takes victory lap against 'losing states' as Virginia marks $1B surplus: 'The playbook works'","2024-08-16","1","0","1","0","0","0","0","0"
"Dave Ramsey explains why Kamala Harris' price control plan will not curb inflation: 'It's not sustainable'","2024-08-16","0","1","1","0","1","0","1","0"
"Harris' price control proposal risks validating 'communist' label, says liberal Washington Post columnist","2024-08-16","0","1","0","0","0","0","0","0"
"This state is debt free. Why isn't Washington?","2024-08-16","1","1","1","0","0","1","1","0"
"Critics blast Harris' grasp of inflation, attack on business ahead of policy speech: 'Lunatic behavior'","2024-08-16","0","1","1","1","1","1","1","0"
"'Rent is too damn high': Rosen panned for Biden-aligned votes, high housing costs","2024-08-16","0","1","1","0","0","1","1","0"
"Experts rip 'triple crown of bad regs' as Biden admin posts gas stove rule it denied was a ban","2024-08-15","0","0","0","0","1","1","1","0"
"Biden says Harris 'not going to' distance herself from his economic policies","2024-08-15","0","1","0","0","0","0","1","0"
"The Harris-Walz energy agenda: Higher prices, fewer automotive choices","2024-08-14","0","1","1","0","1","0","1","0"
"Biden instructs media to 'start writing' that his inflation policies are 'working'","2024-08-15","1","1","1","0","1","0","1","0"
"'Rubber-stamped': Key Dem hit over Biden-Harris support on border, inflation","2024-08-14","0","1","1","0","0","0","1","0"
"Rep. Jordan says Kamala Harris could fix the border, economy as VP but hasn't: 'She's made it worse'","2024-08-14","0","0","0","0","0","1","0","0"
"In a world reminiscent of chaotic '70s, 'Reagan' offers timely vision of hope, leadership","2024-08-13","0","1","1","0","0","1","1","0"
"US might avoid a recession, but it’s a different story for ordinary Americans","2024-08-12","0","1","1","1","1","1","1","0"
"Las Vegas rideshare drivers laud Trump’s ‘awesome’ no-tax-on-tips plan as Harris holds rally across town","2024-08-10","1","1","1","0","0","0","1","0"
"'Disrespectful' and 'aggressively left-wing' advertising spurs growth of parallel economy","2024-08-10","0","0","0","0","0","1","1","0"
"Battleground state voters signal possible shift as inflation rages: 'Under President Trump, it was better'","2024-08-10","0","1","0","0","1","0","1","0"
"We have a bipartisan solution to address America's child care crisis","2024-08-09","0","1","1","0","1","1","0","0"
"One sentiment is the greatest threat to the Democrats’ election hopes","2024-08-08","0","1","1","1","1","1","1","0"
"As Harris and Walz campaign in Philly, residents slam economy: It's 'sucking right now'","2024-08-06","0","0","0","1","1","1","0","0"
"Harris dodges questions about her plan to handle a recession, attacks Trump's economic record instead","2024-08-06","0","1","1","1","1","0","1","0"
"Kamala Harris is failing the crisis test in a world spiraling out of control","2024-08-06","0","1","1","1","1","0","1","0"
"SEAN HANNITY: This crisis is hitting right at home","2024-08-05","0","0","0","1","1","0","1","0"
"JESSE WATTERS: Kamala Harris caused the looming recession","2024-08-05","0","1","1","1","1","0","1","0"
"LAURA INGRAHAM: This is the only shot we have at returning prosperity to the middle-class","2024-08-05","0","1","0","0","0","0","1","0"
"Black mothers like me must vote on the economy in 2024","2024-08-05","0","1","1","0","1","1","1","0"
"Harris is 'Biden's co-pilot' on 'Bidenomics' policies that prompted woeful jobs numbers: Trump camp","2024-08-02","0","1","1","0","1","1","1","0"
"Harris blames Trump for latest dreadful jobs report nearly a full term after he left office","2024-08-02","0","1","1","0","1","1","1","0"
"Migrant crisis projected to cost Massachusetts taxpayers $1.8 billion over next two years","2024-07-31","0","0","1","0","1","1","0","0"
"US Olympians paying high price to compete through inflation: 'It's f----d!'","2024-07-31","0","1","1","0","1","1","1","0"
"Growing number of Americans with jobs are homeless thanks to 'fast-rising rents,' inflation: Report","2024-07-30","0","1","1","0","1","1","1","0"
"Where does Joe Biden rank among America's worst presidents?","2024-07-27","0","1","1","0","1","1","1","0"
"I worked for President Trump and saw what he can do. We all must do our part to help him win","2024-07-26","1","1","0","0","1","1","1","0"
"Why inflation is making us have fewer babies","2024-07-25","0","1","0","0","1","1","1","0"
"Trump's record far superior to Biden's on debt and inflation","2024-07-15","0","1","1","1","0","1","1","0"
"Lawmakers warn EPA its ‘Clean Power Plan 2.0’ could have ‘catastrophic’ effect on electric grid","2024-07-12","0","1","1","0","1","0","1","0"
"America's next national security crisis is lurking in our pocketbooks","2024-07-11","0","0","1","0","0","1","0","0"
"All the reasons why Trump's tax-free tips plan is brilliant","2024-07-10","1","1","1","0","1","0","0","0"
